Airport_Code,Airline_Code,Total_Turnarounds,Avg_Scheduled_Turn_Mins,Avg_Actual_Turn_Mins,Avg_Inbound_Delay_Mins,Avg_Buffer_Delta_Mins,Total_Cascading_Delays,Pct_Cascading_Delay,Total_Breaches,Pct_Buffer_Breach
TVC,OO,55,46.2,42.0,32.8,4.3,24,43.64,7,12.73
PIT,OO,75,43.1,29.5,37.6,13.6,32,42.67,10,13.33
RSW,F9,117,77.2,60.3,23.3,16.9,44,37.61,23,19.66
AZO,OO,62,179.2,277.7,-52.3,-98.5,23,37.1,13,20.97
JAC,AA,65,63.8,60.9,41.9,2.9,24,36.92,15,23.08
MDW,OO,79,41.4,38.8,21.8,2.7,29,36.71,9,11.39
IMT,OO,52,38.8,22.5,59.2,16.3,19,36.54,7,13.46
BET,AS,53,48.4,63.0,19.6,-14.7,19,35.85,19,35.85
PVD,OO,70,149.5,179.1,17.3,-29.6,25,35.71,13,18.57
EGE,AA,163,45.8,58.7,16.2,-12.9,57,34.97,37,22.7
SYR,OO,59,53.5,50.9,32.0,2.6,20,33.9,6,10.17
CLE,OO,145,125.1,165.1,-2.1,-40.0,49,33.79,26,17.93
CRW,OO,124,217.0,240.0,14.9,-22.9,40,32.26,19,15.32
PBI,F9,50,53.9,22.7,22.7,31.2,16,32.0,17,34.0
GRR,OO,163,78.0,80.2,29.8,-2.2,52,31.9,22,13.5
SRQ,B6,69,73.3,69.7,22.2,3.6,22,31.88,5,7.25
STT,B6,60,57.3,69.2,23.0,-11.8,19,31.67,14,23.33
MSN,OO,174,157.8,160.0,24.4,-2.2,54,31.03,14,8.05
CID,OO,142,105.2,115.5,21.0,-10.3,44,30.99,22,15.49
FLL,F9,265,85.2,79.9,20.7,5.3,81,30.57,53,20.0
IND,OO,189,111.3,111.0,29.5,0.3,56,29.63,33,17.46
ORD,OH,289,61.8,63.4,21.3,-1.6,85,29.41,121,41.87
CVG,OO,73,54.1,53.8,29.0,0.3,21,28.77,14,19.18
CHS,B6,67,56.4,60.2,16.3,-3.9,19,28.36,10,14.93
JAX,B6,86,75.5,77.8,18.1,-2.3,24,27.91,17,19.77
ATW,OO,251,233.3,252.6,19.1,-19.3,69,27.49,84,33.47
AUS,B6,51,285.6,273.4,42.7,12.2,14,27.45,9,17.65
SDF,OO,66,40.2,43.4,15.0,-3.2,18,27.27,8,12.12
DTW,OO,1902,101.3,80.2,31.2,21.1,515,27.08,530,27.87
CHO,OO,71,249.1,257.8,18.8,-8.7,19,26.76,24,33.8
BQN,B6,90,170.2,149.4,17.7,20.7,24,26.67,6,6.67
RSW,NK,128,150.7,148.6,14.4,2.2,34,26.56,25,19.53
RIC,B6,121,169.3,172.9,18.7,-3.5,32,26.45,26,21.49
COU,OO,80,217.1,231.9,4.3,-14.7,21,26.25,13,16.25
PBI,B6,731,160.6,157.9,17.7,2.8,191,26.13,141,19.29
RSW,B6,287,164.3,158.5,24.4,5.8,75,26.13,39,13.59
DTW,F9,180,107.1,86.2,39.3,20.9,47,26.11,43,23.89
LAN,OO,69,184.8,240.3,-22.2,-55.5,18,26.09,12,17.39
FLL,G4,304,169.5,170.0,12.9,-0.5,79,25.99,79,25.99
ORH,B6,58,53.9,64.4,14.8,-10.6,15,25.86,21,36.21
MIA,YX,78,70.4,65.9,9.8,4.5,20,25.64,24,30.77
MLI,OO,59,92.9,85.2,11.4,7.7,15,25.42,14,23.73
MEM,OH,63,39.3,49.2,13.8,-9.9,16,25.4,12,19.05
PHL,B6,63,233.3,238.4,19.8,-5.1,16,25.4,21,33.33
ALB,OH,67,93.3,121.8,-2.6,-28.5,17,25.37,15,22.39
ALB,OO,75,147.9,227.6,-45.0,-79.7,19,25.33,22,29.33
CMH,OO,75,158.4,112.5,60.9,45.9,19,25.33,13,17.33
SJU,F9,347,181.1,165.5,25.5,15.7,87,25.07,62,17.87
DLH,OO,104,244.6,282.1,-18.1,-37.5,26,25.0,23,22.12
DCA,B6,501,179.6,179.7,15.2,-0.1,125,24.95,83,16.57
SBN,OO,394,256.9,271.0,15.7,-14.0,98,24.87,101,25.63
ORD,NK,380,154.8,162.9,12.9,-8.1,94,24.74,104,27.37
MCI,OO,150,220.4,218.9,22.4,1.5,37,24.67,36,24.0
HPN,OH,199,166.1,162.3,15.5,3.8,49,24.62,24,12.06
ASE,OO,713,118.3,132.3,9.6,-14.0,174,24.4,279,39.13
RIC,OO,70,211.8,207.6,30.0,4.2,17,24.29,14,20.0
LEX,G4,62,49.6,-9.6,12.7,59.2,15,24.19,19,30.65
ATL,B6,153,179.9,184.4,16.3,-4.5,37,24.18,23,15.03
VRB,B6,58,56.1,61.7,11.1,-5.6,14,24.14,13,22.41
INL,OO,50,45.8,35.7,20.5,10.1,12,24.0,5,10.0
PIA,OO,134,274.2,278.3,18.9,-4.1,32,23.88,34,25.37
SJU,NK,228,124.9,124.7,16.5,0.1,54,23.68,46,20.18
BUF,MQ,72,33.3,44.6,14.9,-11.3,17,23.61,13,18.06
APN,OO,51,37.2,28.3,9.0,8.9,12,23.53,1,1.96
SAT,MQ,64,36.4,44.0,3.9,-7.6,15,23.44,12,18.75
CMH,OH,73,31.5,30.9,12.9,0.5,17,23.29,8,10.96
ELP,AA,142,141.6,149.6,4.2,-8.0,33,23.24,9,6.34
BTV,OO,65,204.5,261.7,-34.5,-57.2,15,23.08,18,27.69
MYR,NK,104,77.9,79.5,11.1,-1.6,24,23.08,10,9.62
ATL,F9,1267,143.5,104.8,13.9,38.7,287,22.65,480,37.88
MSY,B6,84,239.5,235.0,21.0,4.6,19,22.62,15,17.86
IAD,OO,155,202.7,211.6,4.2,-8.9,35,22.58,51,32.9
GRR,UA,143,402.2,429.6,-2.9,-27.4,32,22.38,40,27.97
BZN,AA,76,162.3,162.9,17.1,-0.6,17,22.37,19,25.0
GRR,MQ,76,103.3,112.6,5.3,-9.3,17,22.37,20,26.32
MSN,OH,103,104.7,102.2,20.2,2.5,23,22.33,18,17.48
BUF,B6,148,231.5,264.6,-10.9,-33.0,33,22.3,35,23.65
MCI,MQ,63,183.6,200.3,-4.6,-16.6,14,22.22,12,19.05
MBS,OO,158,212.0,221.0,16.1,-9.0,35,22.15,22,13.92
ALB,AA,68,252.1,238.7,21.4,13.5,15,22.06,8,11.76
JAX,G4,59,49.4,54.1,5.2,-4.7,13,22.03,11,18.64
ORD,OO,4001,95.8,58.8,48.1,37.0,879,21.97,1262,31.54
GSP,MQ,105,240.0,243.6,2.1,-3.6,23,21.9,29,27.62
GSO,OH,64,145.4,172.9,-3.7,-27.5,14,21.88,11,17.19
TYS,G4,151,135.4,137.7,11.2,-2.3,33,21.85,22,14.57
MSP,OH,69,175.5,182.3,8.4,-6.8,15,21.74,18,26.09
STT,AA,199,54.0,47.9,11.4,6.1,43,21.61,32,16.08
MSY,F9,65,53.2,51.9,10.4,1.2,14,21.54,12,18.46
BDL,B6,278,228.1,254.6,-7.5,-26.5,59,21.22,79,28.42
MDT,MQ,52,210.4,235.7,-10.8,-25.2,11,21.15,9,17.31
DAB,B6,57,53.9,47.4,6.8,6.5,12,21.05,12,21.05
CLT,F9,195,53.7,52.8,6.4,0.9,41,21.03,45,23.08
LGA,B6,358,216.4,215.3,17.2,1.1,75,20.95,88,24.58
MIA,NK,302,163.6,171.6,12.6,-8.0,63,20.86,98,32.45
FNT,G4,96,211.4,214.5,9.1,-3.1,20,20.83,34,35.42
SJU,B6,749,185.5,178.1,21.8,7.4,156,20.83,210,28.04
JFK,F9,232,107.3,100.2,18.0,7.1,48,20.69,84,36.21
PIT,G4,58,237.6,255.4,-4.2,-17.8,12,20.69,9,15.52
PNS,OH,174,219.4,220.1,11.8,-0.7,36,20.69,32,18.39
MCO,YX,63,59.5,65.7,6.2,-6.2,13,20.63,12,19.05
MKE,OO,379,279.4,288.8,10.2,-9.3,78,20.58,88,23.22
DCA,OH,2264,96.4,74.0,17.6,22.4,464,20.49,676,29.86
MIA,F9,260,165.5,121.8,35.5,43.7,53,20.38,55,21.15
MSY,NK,162,228.6,276.7,-32.1,-48.0,33,20.37,31,19.14
MIA,DL,965,172.7,175.7,12.7,-3.0,196,20.31,250,25.91
SJU,AA,440,171.5,168.1,10.5,3.4,89,20.23,130,29.55
GRB,OO,183,306.2,318.4,13.1,-12.3,37,20.22,41,22.4
LAX,F9,387,90.8,48.7,16.4,42.1,78,20.16,135,34.88
BOS,F9,60,166.7,168.9,18.3,-2.2,12,20.0,22,36.67
CAK,OO,65,242.2,233.7,19.6,8.5,13,20.0,8,12.31
EAU,OO,50,209.3,305.4,-51.6,-96.1,10,20.0,15,30.0
FAR,OO,155,114.0,135.1,5.9,-21.1,31,20.0,38,24.52
FNT,OO,135,209.7,240.4,-7.7,-30.8,27,20.0,30,22.22
PSP,AA,211,109.3,83.3,37.6,26.0,42,19.91,35,16.59
EWR,NK,649,136.3,142.5,1.5,-6.2,129,19.88,204,31.43
PHL,F9,508,193.1,192.9,11.2,0.2,101,19.88,171,33.66
LAX,NK,262,91.7,-8.0,3.1,99.7,52,19.85,114,43.51
LGA,F9,172,123.1,95.6,11.7,27.6,34,19.77,46,26.74
RDU,F9,258,86.0,65.9,24.3,20.2,51,19.77,43,16.67
MEM,OO,229,161.7,173.5,7.9,-11.8,45,19.65,57,24.89
FLL,DL,1055,173.0,174.9,12.5,-1.9,207,19.62,235,22.27
AUS,YX,51,259.5,267.9,6.9,-8.4,10,19.61,15,29.41
DDC,OO,51,41.9,42.0,7.9,-0.1,10,19.61,6,11.76
EGE,OO,154,40.8,42.0,6.8,-1.2,30,19.48,35,22.73
DSM,AA,206,173.6,193.1,1.6,-19.5,40,19.42,43,20.87
IAH,AS,83,158.5,171.5,-1.9,-13.0,16,19.28,28,33.73
EGE,UA,192,150.7,160.1,5.4,-9.4,37,19.27,56,29.17
CLE,F9,282,223.0,221.2,12.5,1.9,54,19.15,59,20.92
MHT,OH,115,163.4,221.9,-38.1,-58.6,22,19.13,25,21.74
RFD,G4,68,50.0,70.8,0.5,-20.8,13,19.12,32,47.06
XWA,OO,136,181.6,230.4,-14.7,-48.8,26,19.12,37,27.21
OMA,MQ,84,321.2,349.1,-17.7,-27.9,16,19.05,18,21.43
EYW,DL,116,206.4,199.8,4.8,6.7,22,18.97,15,12.93
LAN,MQ,58,237.4,173.3,83.2,64.2,11,18.97,4,6.9
DFW,AS,111,162.1,182.4,-9.5,-20.3,21,18.92,29,26.13
MGM,OH,74,171.8,161.1,14.0,10.7,14,18.92,8,10.81
SYR,G4,53,49.8,50.5,-0.5,-0.7,10,18.87,21,39.62
PBI,DL,579,161.1,153.3,16.2,7.9,109,18.83,107,18.48
HPN,B6,383,252.2,251.2,10.6,1.0,72,18.8,111,28.98
PGD,G4,516,179.7,181.5,7.3,-1.9,97,18.8,170,32.95
ATL,NK,405,144.2,154.3,6.7,-10.2,76,18.77,112,27.65
SFB,G4,602,169.2,172.1,1.5,-2.9,113,18.77,144,23.92
GFK,OO,80,135.0,136.3,11.4,-1.3,15,18.75,8,10.0
SAT,F9,75,76.5,43.0,43.1,33.5,14,18.67,8,10.67
SAN,F9,134,164.4,132.5,50.3,31.9,25,18.66,46,34.33
CLT,NK,204,131.1,145.4,-1.2,-14.3,38,18.63,63,30.88
TPA,B6,322,234.2,229.7,19.0,4.5,60,18.63,68,21.12
IAD,F9,86,53.2,29.3,2.5,23.9,16,18.6,26,30.23
SRQ,YX,86,40.8,47.8,3.2,-7.0,16,18.6,19,22.09
GRR,G4,140,193.7,194.9,12.3,-1.2,26,18.57,38,27.14
FWA,OO,313,250.6,263.1,6.2,-12.6,58,18.53,69,22.04
CAK,G4,65,49.6,30.7,6.1,19.0,12,18.46,6,9.23
GRB,MQ,65,234.4,248.2,-1.4,-13.8,12,18.46,9,13.85
GSO,OO,87,291.9,285.5,19.3,6.4,16,18.39,12,13.79
ACY,NK,158,232.7,235.8,11.8,-3.1,29,18.35,42,26.58
MIA,AS,60,61.7,74.0,0.7,-12.3,11,18.33,24,40.0
BGR,OH,71,210.9,226.2,-6.2,-15.2,13,18.31,12,16.9
GEG,AA,71,414.2,364.6,22.8,49.6,13,18.31,11,15.49
AUS,NK,104,259.9,261.4,15.8,-1.5,19,18.27,32,30.77
CLT,OO,104,175.6,164.2,22.3,11.4,19,18.27,30,28.85
TPA,NK,225,94.8,92.1,8.8,2.6,41,18.22,40,17.78
AZO,MQ,55,254.3,249.4,20.5,4.8,10,18.18,11,20.0
ELP,DL,55,307.1,316.0,8.7,-8.9,10,18.18,11,20.0
MYR,OH,99,54.6,55.7,4.3,-1.1,18,18.18,8,8.08
MCO,B6,953,169.1,164.0,15.1,5.2,173,18.15,273,28.65
STL,OO,182,128.6,146.4,-5.6,-17.8,33,18.13,33,18.13
AVL,G4,116,136.1,136.9,9.6,-0.8,21,18.1,22,18.97
PIA,G4,94,50.0,57.9,0.5,-7.9,17,18.09,17,18.09
DEN,B6,61,55.0,-36.2,8.2,91.2,11,18.03,14,22.95
CIU,OO,50,351.3,373.7,-10.7,-22.4,9,18.0,16,32.0
JNU,AS,289,137.8,138.2,7.8,-0.5,52,17.99,72,24.91
FLL,WN,979,166.2,171.3,8.4,-5.1,176,17.98,309,31.56
BNA,MQ,156,54.1,60.9,4.3,-6.9,28,17.95,34,21.79
BNA,OH,106,88.8,96.8,2.1,-8.0,19,17.92,28,26.42
EWR,B6,263,222.0,214.1,12.3,7.9,47,17.87,89,33.84
EYW,YX,107,40.3,45.7,-0.6,-5.4,19,17.76,32,29.91
FLL,NK,1472,284.1,285.7,6.6,-1.6,261,17.73,600,40.76
STL,MQ,113,152.5,154.7,9.1,-2.2,20,17.7,26,23.01
ALO,MQ,51,254.8,285.4,-1.3,-30.5,9,17.65,12,23.53
AVL,AA,68,130.1,131.7,11.9,-1.7,12,17.65,10,14.71
MSY,OH,51,115.3,124.1,3.1,-8.7,9,17.65,16,31.37
FAT,AA,148,170.7,175.0,9.7,-4.3,26,17.57,25,16.89
TUS,AS,57,201.0,177.1,30.3,23.9,10,17.54,5,8.77
AUS,AS,86,145.8,152.5,7.3,-6.7,15,17.44,23,26.74
OGG,AA,121,279.8,261.7,24.0,18.0,21,17.36,32,26.45
BOS,B6,1767,186.2,188.5,12.4,-2.3,306,17.32,663,37.52
ITO,AS,313,73.0,72.1,9.7,0.9,54,17.25,15,4.79
EGE,DL,58,65.5,70.4,3.6,-5.0,10,17.24,9,15.52
MIA,WN,412,201.5,206.2,6.2,-4.7,71,17.23,92,22.33
BWI,F9,209,125.2,109.0,14.4,16.2,36,17.22,45,21.53
ORD,DL,523,214.2,216.7,3.7,-2.5,90,17.21,110,21.03
ROC,AA,64,260.2,256.1,12.1,4.2,11,17.19,7,10.94
RSW,AA,512,146.3,150.5,5.3,-4.1,88,17.19,100,19.53
PBI,WN,233,172.6,176.8,4.3,-4.2,40,17.17,39,16.74
ROC,DL,99,238.1,257.0,-2.3,-18.8,17,17.17,26,26.26
CLE,AA,228,276.8,279.1,12.0,-2.2,39,17.11,52,22.81
FLL,B6,1409,243.8,241.9,13.0,1.9,241,17.1,449,31.87
LGA,NK,481,186.0,195.6,2.5,-9.5,82,17.05,136,28.27
BOS,NK,165,140.5,155.0,-3.4,-14.5,28,16.97,58,35.15
LCK,G4,59,49.7,57.9,3.4,-8.2,10,16.95,14,23.73
PDX,AA,254,207.3,207.0,2.7,0.3,43,16.93,45,17.72
FWA,G4,71,50.0,62.5,1.1,-12.5,12,16.9,19,26.76
MCO,DL,1671,166.4,152.6,22.1,13.8,282,16.88,360,21.54
JAX,OH,83,31.9,40.8,4.6,-8.9,14,16.87,21,25.3
GRR,AA,172,329.6,337.5,15.3,-7.9,29,16.86,52,30.23
CMI,MQ,131,233.7,232.5,12.0,1.2,22,16.79,15,11.45
SJU,DL,316,155.9,160.5,6.2,-4.7,53,16.77,45,14.24
ATL,OH,215,73.5,74.7,-0.1,-1.3,36,16.74,42,19.53
DCA,DL,719,188.9,194.0,6.9,-5.1,120,16.69,124,17.25
AUS,F9,126,151.5,59.9,100.0,91.6,21,16.67,29,23.02
BJI,OO,54,241.8,266.8,-14.2,-25.0,9,16.67,13,24.07
IND,G4,72,242.6,255.6,4.6,-13.0,12,16.67,21,29.17
SLC,AS,132,152.3,166.4,5.4,-14.1,22,16.67,33,25.0
DCA,MQ,385,118.8,121.0,8.5,-2.2,64,16.62,130,33.77
IAH,F9,326,166.3,173.9,0.4,-7.6,54,16.56,114,34.97
PHX,B6,121,85.4,0.8,-0.1,84.7,20,16.53,39,32.23
MLI,MQ,97,278.3,280.7,15.1,-2.4,16,16.49,15,15.46
IAH,MQ,91,203.9,205.3,10.7,-1.4,15,16.48,18,19.78
ISP,B6,158,66.1,73.0,-0.0,-6.9,26,16.46,23,14.56
VPS,AA,79,352.6,355.4,-2.0,-2.7,13,16.46,7,8.86
SRQ,G4,219,140.6,145.1,-2.7,-4.5,36,16.44,30,13.7
CWA,MQ,61,213.5,238.0,-10.4,-24.5,10,16.39,10,16.39
IAD,AS,61,62.2,77.4,-3.0,-15.2,10,16.39,24,39.34
LEX,OO,116,358.9,387.4,-9.8,-28.4,19,16.38,31,26.72
TYS,AA,98,144.6,142.2,13.9,2.4,16,16.33,7,7.14
CHS,OH,80,96.0,100.6,-4.0,-4.6,13,16.25,8,10.0
LFT,OO,68,182.7,176.7,9.2,6.0,11,16.18,7,10.29
JFK,AS,198,168.3,172.6,3.2,-4.3,32,16.16,75,37.88
ORD,F9,198,183.4,198.9,-4.2,-15.5,32,16.16,70,35.35
MKE,AA,161,252.6,263.1,7.7,-10.6,26,16.15,38,23.6
ATL,AA,415,233.2,239.6,5.0,-6.3,67,16.14,80,19.28
TYS,OH,155,324.6,340.1,2.2,-15.5,25,16.13,37,23.87
GRI,OO,56,192.4,251.6,-23.0,-59.2,9,16.07,9,16.07
MDT,G4,56,49.9,59.4,-1.5,-9.5,9,16.07,11,19.64
PBI,AA,542,158.3,159.0,10.4,-0.7,87,16.05,144,26.57
ISP,F9,50,161.9,159.4,9.2,2.5,8,16.0,13,26.0
PWM,AA,75,289.5,327.5,-33.5,-38.1,12,16.0,13,17.33
MCO,AA,1358,176.6,190.5,0.3,-13.9,217,15.98,359,26.44
DSM,G4,113,214.5,223.4,5.4,-9.0,18,15.93,39,34.51
TPA,MQ,113,33.2,41.8,-0.4,-8.7,18,15.93,21,18.58
FLG,OO,63,142.9,133.6,14.4,9.3,10,15.87,4,6.35
FLL,AS,63,359.6,368.8,7.7,-9.2,10,15.87,21,33.33
MDW,F9,82,224.5,205.4,33.0,19.1,13,15.85,16,19.51
TPA,F9,417,169.4,143.6,21.2,25.8,66,15.83,97,23.26
ELP,F9,57,54.6,55.1,3.0,-0.5,9,15.79,6,10.53
LAS,B6,331,106.9,22.0,-4.1,85.0,52,15.71,122,36.86
BNA,G4,51,77.5,105.4,-22.9,-27.9,8,15.69,9,17.65
BRD,OO,51,39.4,51.1,2.4,-11.6,8,15.69,10,19.61
GSO,AA,51,302.4,281.4,25.1,21.1,8,15.69,6,11.76
BUR,OO,320,101.9,108.3,2.0,-6.4,50,15.63,54,16.88
STL,F9,64,54.7,62.2,-3.1,-7.4,10,15.63,18,28.13
DAL,DL,123,148.4,156.8,2.0,-8.4,19,15.45,25,20.33
ORD,MQ,3352,93.6,79.8,20.4,13.7,518,15.45,1255,37.44
SEA,AA,338,197.9,182.0,11.1,15.9,52,15.38,51,15.09
SJU,WN,268,201.6,204.0,10.7,-2.4,41,15.3,45,16.79
SAV,DL,249,164.5,164.5,5.2,0.0,38,15.26,24,9.64
AVL,OO,59,91.1,96.2,3.6,-5.0,9,15.25,18,30.51
GCC,OO,59,308.8,316.7,11.0,-7.9,9,15.25,8,13.56
KTN,AS,151,44.6,50.0,2.7,-5.4,23,15.23,22,14.57
ABQ,AA,125,317.1,323.5,7.2,-6.4,19,15.2,8,6.4
DTW,OH,119,191.3,188.7,9.9,2.6,18,15.13,12,10.08
JAC,DL,86,75.7,75.2,6.7,0.6,13,15.12,10,11.63
STT,UA,86,67.0,74.6,3.9,-7.6,13,15.12,20,23.26
ATL,OO,544,81.1,76.0,13.9,5.1,82,15.07,143,26.29
SIT,AS,73,181.1,194.2,-6.2,-13.1,11,15.07,15,20.55
ABE,G4,93,192.8,208.9,-6.8,-16.1,14,15.05,23,24.73
CRP,OH,93,241.0,260.9,-4.3,-19.9,14,15.05,12,12.9
CAK,OH,133,313.6,317.9,22.8,-4.3,20,15.04,23,17.29
GPT,DL,87,188.4,203.3,-5.8,-15.0,13,14.94,7,8.05
KOA,AS,663,89.0,87.8,7.1,1.1,99,14.93,69,10.41
MEM,AA,235,241.1,256.8,-5.6,-15.7,35,14.89,36,15.32
MSP,OO,1585,115.1,108.6,17.5,6.5,236,14.89,581,36.66
PSP,UA,215,130.9,130.5,3.9,0.4,32,14.88,63,29.3
TLH,OH,74,195.0,200.9,7.4,-5.9,11,14.86,20,27.03
IND,F9,54,54.5,61.0,1.6,-6.5,8,14.81,9,16.67
SAN,B6,108,73.0,78.0,-9.9,-5.0,16,14.81,52,48.15
JAX,MQ,88,209.4,212.8,8.3,-3.5,13,14.77,16,18.18
RSW,DL,691,160.1,142.6,18.0,17.5,102,14.76,97,14.04
ORD,WN,244,159.0,167.0,3.8,-8.0,36,14.75,63,25.82
RDU,YX,530,103.0,105.9,4.3,-2.8,78,14.72,91,17.17
ORD,AS,177,203.2,219.2,1.2,-16.0,26,14.69,64,36.16
PSP,DL,143,63.2,74.8,0.6,-11.6,21,14.69,41,28.67
TPA,DL,1062,159.7,163.5,5.8,-3.8,156,14.69,185,17.42
BUF,AA,109,253.6,280.2,-12.1,-26.5,16,14.68,15,13.76
BFL,OO,150,213.8,235.1,-9.3,-21.3,22,14.67,35,23.33
DSM,YX,75,312.1,314.5,9.2,-2.4,11,14.67,19,25.33
OGG,AS,995,84.0,69.3,3.1,14.7,146,14.67,213,21.41
EWR,AS,123,76.2,91.3,-3.1,-15.1,18,14.63,57,46.34
SFO,F9,205,112.3,84.2,8.5,28.1,30,14.63,69,33.66
SRQ,AA,130,163.1,166.8,4.7,-3.7,19,14.62,22,16.92
MDW,DL,96,180.3,195.3,-8.6,-15.0,14,14.58,8,8.33
MCO,F9,1051,199.2,175.8,23.3,23.3,153,14.56,291,27.69
IAH,NK,365,249.7,259.3,4.3,-9.6,53,14.52,127,34.79
MSN,YX,186,226.9,234.6,2.5,-7.7,27,14.52,49,26.34
STT,DL,124,70.0,72.3,6.9,-2.3,18,14.52,16,12.9
MCO,NK,1181,164.9,165.4,1.0,-0.5,171,14.48,407,34.46
MSP,MQ,90,193.5,209.8,5.4,-16.3,13,14.44,32,35.56
PVD,OH,90,218.2,217.6,8.1,0.6,13,14.44,8,8.89
SBN,G4,90,50.0,57.0,2.5,-7.0,13,14.44,26,28.89
TPA,AA,959,211.6,224.4,0.6,-12.8,138,14.39,258,26.9
CHS,AA,292,199.4,214.8,0.1,-15.4,42,14.38,44,15.07
GSP,OH,188,297.7,300.3,7.4,-2.6,27,14.36,41,21.81
FLL,AA,635,154.7,166.6,3.2,-12.0,91,14.33,176,27.72
BLV,G4,77,49.0,43.1,0.4,5.9,11,14.29,9,11.69
BWI,NK,154,167.3,186.2,-5.1,-18.9,22,14.29,47,30.52
LIH,DL,56,178.3,106.3,10.1,72.0,8,14.29,19,33.93
DCA,YX,2033,108.9,103.7,6.2,5.2,289,14.22,457,22.48
MSY,AA,486,153.0,163.8,1.9,-10.8,69,14.2,110,22.63
MFE,AA,113,246.4,248.0,13.5,-1.6,16,14.16,4,3.54
CVG,F9,198,195.8,181.3,20.8,14.5,28,14.14,54,27.27
CAE,OH,92,223.3,256.1,-18.0,-32.8,13,14.13,13,14.13
LAS,AS,588,203.4,209.9,1.3,-6.5,83,14.12,126,21.43
CLE,OH,163,115.0,147.0,-27.6,-32.0,23,14.11,32,19.63
FSD,OO,163,173.9,188.2,2.3,-14.3,23,14.11,48,29.45
JFK,B6,1546,172.9,161.5,7.3,11.4,218,14.1,520,33.64
DEN,AA,483,215.3,218.5,-3.8,-3.2,68,14.08,100,20.7
SAV,AA,71,263.2,208.0,61.4,55.1,10,14.08,10,14.08
JST,OO,50,204.0,-94.9,339.5,298.9,7,14.0,5,10.0
SLC,AA,243,205.5,209.5,1.9,-4.1,34,13.99,32,13.17
ONT,DL,136,151.0,132.7,5.0,18.3,19,13.97,22,16.18
SFO,AA,588,242.8,223.2,16.6,19.6,82,13.95,192,32.65
LIH,AS,603,98.6,99.9,5.7,-1.3,84,13.93,84,13.93
RDU,B6,158,223.3,235.9,-2.4,-12.7,22,13.92,45,28.48
AGS,DL,72,251.5,253.2,6.0,-1.6,10,13.89,8,11.11
BNA,AA,607,224.9,235.9,-1.2,-11.0,84,13.84,95,15.65
PNS,DL,159,173.4,162.0,19.2,11.4,22,13.84,10,6.29
EYW,MQ,217,77.9,94.4,-8.6,-16.4,30,13.82,52,23.96
RSW,WN,680,167.0,167.0,8.2,-0.0,94,13.82,146,21.47
BUR,DL,58,313.2,308.7,10.0,4.5,8,13.79,8,13.79
EWR,F9,87,135.7,66.6,22.4,69.1,12,13.79,21,24.14
GSP,OO,87,224.5,219.7,15.5,4.8,12,13.79,15,17.24
MSO,MQ,58,311.1,315.4,9.1,-4.3,8,13.79,8,13.79
TUS,DL,116,124.1,115.3,9.2,8.8,16,13.79,19,16.38
SRQ,DL,298,153.3,155.7,1.6,-2.4,41,13.76,42,14.09
DSM,UA,80,429.5,449.0,-2.7,-19.5,11,13.75,12,15.0
LAX,B6,509,238.6,214.0,8.1,24.5,70,13.75,167,32.81
ELM,OO,51,241.6,235.3,13.2,6.3,7,13.73,5,9.8
PHX,DL,780,183.8,137.6,10.2,46.2,107,13.72,148,18.97
TUS,AA,197,183.2,190.0,4.2,-6.7,27,13.71,24,12.18
AUS,AA,613,231.8,235.9,7.5,-4.1,84,13.7,152,24.8
MFR,OO,271,149.2,161.3,1.9,-12.0,37,13.65,35,12.92
SHV,OO,271,325.6,345.4,-6.1,-19.8,37,13.65,37,13.65
BOI,AA,66,286.6,285.9,13.1,0.7,9,13.64,7,10.61
ORF,OH,132,365.3,359.0,13.9,6.3,18,13.64,20,15.15
SFO,AS,535,282.8,267.3,18.8,15.4,73,13.64,163,30.47
PHL,NK,147,214.2,211.5,4.2,2.7,20,13.61,50,34.01
BIS,OO,103,213.7,225.4,0.9,-11.7,14,13.59,24,23.3
FAR,MQ,184,233.7,239.5,6.9,-5.8,25,13.59,41,22.28
MCI,NK,81,198.7,218.7,-10.6,-20.0,11,13.58,27,33.33
COD,OO,59,248.9,275.4,-13.6,-26.6,8,13.56,23,38.98
DFW,NK,317,200.4,152.4,61.0,48.0,43,13.56,85,26.81
MOB,DL,59,233.1,252.7,-16.6,-19.6,8,13.56,2,3.39
LNK,OO,207,319.7,317.9,16.9,1.8,28,13.53,50,24.15
SNA,G4,74,48.4,54.1,6.6,-5.7,10,13.51,9,12.16
ORD,UA,5474,135.7,136.7,10.5,-1.0,739,13.5,1856,33.91
RIC,AA,230,225.1,245.2,-6.9,-20.1,31,13.48,40,17.39
COS,UA,52,59.5,62.2,3.0,-2.7,7,13.46,8,15.38
PIE,G4,483,162.6,158.2,3.5,4.4,65,13.46,83,17.18
DFW,F9,580,150.4,105.8,23.3,44.6,78,13.45,110,18.97
HNL,AS,2419,128.9,107.9,9.2,21.0,325,13.44,374,15.46
SAN,DL,667,192.8,170.4,18.9,22.4,89,13.34,143,21.44
FCA,DL,60,212.7,309.1,-71.4,-96.4,8,13.33,14,23.33
PVU,OO,75,228.7,221.3,9.7,7.4,10,13.33,13,17.33
ATL,YX,188,142.7,149.9,-5.2,-7.3,25,13.3,61,32.45
MSN,AA,143,285.3,301.1,-3.2,-15.8,19,13.29,27,18.88
FCA,OO,98,75.1,74.7,4.2,0.4,13,13.27,13,13.27
SAN,WN,2465,128.1,130.6,7.4,-2.5,327,13.27,607,24.62
EYW,AA,151,128.6,134.1,2.7,-5.5,20,13.25,42,27.81
ATL,AS,68,94.0,113.0,-3.7,-19.0,9,13.24,30,44.12
MDT,DL,68,171.9,175.9,1.8,-4.0,9,13.24,12,17.65
SJU,UA,287,222.7,224.6,4.6,-1.9,38,13.24,55,19.16
LAS,AA,749,173.7,160.5,8.1,13.2,99,13.22,207,27.64
CID,MQ,106,285.7,284.6,9.9,1.1,14,13.21,19,17.92
OMA,G4,53,49.8,63.9,-3.6,-14.1,7,13.21,14,26.42
LAS,F9,712,201.5,184.6,5.3,16.9,94,13.2,228,32.02
CHS,YX,235,165.9,170.7,2.8,-4.9,31,13.19,52,22.13
COU,MQ,114,265.2,261.8,12.2,3.4,15,13.16,15,13.16
MOT,OO,99,193.0,194.4,5.2,-1.4,13,13.13,20,20.2
DAY,OO,61,403.2,414.7,-2.5,-11.5,8,13.11,7,11.48
SMX,OO,61,217.4,243.7,-12.0,-26.3,8,13.11,17,27.87
LIT,OH,84,32.4,41.5,-4.1,-9.2,11,13.1,20,23.81
LAX,AS,474,288.4,291.8,6.6,-3.4,62,13.08,129,27.22
SNA,AA,467,170.4,180.5,-3.1,-10.1,61,13.06,132,28.27
DFW,DL,805,197.0,193.4,6.5,3.7,105,13.04,175,21.74
LEX,DL,115,163.5,162.2,3.2,1.3,15,13.04,5,4.35
SAN,AA,537,199.0,213.0,-8.4,-14.0,70,13.04,164,30.54
MSY,MQ,77,198.2,216.0,-11.8,-17.8,10,12.99,20,25.97
SUN,OO,308,209.9,212.1,3.5,-2.3,40,12.99,58,18.83
ABR,OO,54,302.8,312.4,-6.9,-9.6,7,12.96,20,37.04
LEX,MQ,54,109.2,115.0,-2.4,-5.8,7,12.96,11,20.37
ROC,WN,162,205.3,213.7,3.7,-8.4,21,12.96,36,22.22
COS,OO,309,273.0,273.7,5.0,-0.7,40,12.94,61,19.74
DEN,DL,766,219.5,221.9,3.7,-2.4,99,12.92,174,22.72
BDL,OH,93,145.0,155.3,1.5,-10.3,12,12.9,23,24.73
EYW,UA,62,65.2,65.7,3.2,-0.6,8,12.9,17,27.42
PBI,UA,403,221.4,227.2,2.7,-5.9,52,12.9,137,34.0
FSD,G4,101,50.0,56.0,0.7,-6.0,13,12.87,25,24.75
FAI,AS,297,149.5,152.6,3.2,-3.0,38,12.79,54,18.18
BZN,DL,133,186.2,188.5,4.5,-2.2,17,12.78,24,18.05
CID,G4,94,49.9,60.8,-6.8,-10.9,12,12.77,19,20.21
MSP,UA,298,204.7,206.1,8.2,-1.4,38,12.75,45,15.1
AVL,YX,55,92.8,96.8,-1.9,-4.0,7,12.73,17,30.91
EVV,MQ,55,279.4,307.5,-16.2,-28.1,7,12.73,12,21.82
GCK,OO,55,207.7,239.9,-17.1,-32.2,7,12.73,9,16.36
SFO,DL,935,195.2,194.0,2.0,1.2,119,12.73,273,29.2
STL,AA,283,219.4,231.3,-1.4,-12.0,36,12.72,41,14.49
IND,NK,118,182.3,142.6,45.6,39.7,15,12.71,27,22.88
ATL,MQ,126,104.7,115.7,-2.7,-11.0,16,12.7,30,23.81
MSP,F9,71,234.3,93.0,148.0,141.3,9,12.68,8,11.27
JAX,AA,421,203.7,216.3,-4.6,-12.6,53,12.59,77,18.29
SNA,DL,318,240.8,253.1,1.4,-12.3,40,12.58,97,30.5
DSM,OO,176,99.9,111.6,4.0,-11.7,22,12.5,45,25.57
DTW,AA,320,202.0,221.4,-7.5,-19.4,40,12.5,49,15.31
MYR,AA,72,347.8,380.3,-24.4,-32.6,9,12.5,14,19.44
OKC,DL,104,205.4,161.5,45.0,43.9,13,12.5,7,6.73
SYR,MQ,56,213.7,230.9,-6.6,-17.2,7,12.5,14,25.0
HNL,DL,265,170.5,160.0,7.8,10.5,33,12.45,89,33.58
SNA,F9,97,51.1,55.3,-1.1,-4.2,12,12.37,17,17.53
BOS,MQ,81,59.0,77.3,-2.6,-18.4,10,12.35,35,43.21
BUR,NK,81,56.2,68.6,-6.0,-12.4,10,12.35,19,23.46
MSP,AA,251,241.2,262.1,-7.7,-20.9,31,12.35,54,21.51
PVD,B6,162,335.6,334.8,6.5,0.9,20,12.35,35,21.6
SAT,NK,65,199.8,244.6,-39.6,-44.8,8,12.31,17,26.15
SAN,AS,878,175.0,179.7,5.8,-4.7,108,12.3,240,27.33
MHT,B6,57,286.3,295.8,5.1,-9.6,7,12.28,23,40.35
MKE,MQ,57,248.9,239.9,12.6,9.0,7,12.28,16,28.07
BNA,NK,139,100.2,124.0,-12.9,-23.9,17,12.23,31,22.3
ANC,DL,164,210.5,131.4,76.0,79.1,20,12.2,30,18.29
CLE,YX,354,133.0,142.7,-2.8,-9.7,43,12.15,71,20.06
SAT,AA,486,266.7,267.8,5.2,-1.1,59,12.14,75,15.43
DTW,NK,570,189.1,173.2,23.4,15.9,69,12.11,162,28.42
SDF,DL,190,185.7,193.8,1.2,-8.1,23,12.11,23,12.11
RDU,MQ,149,137.6,139.1,6.6,-1.5,18,12.08,28,18.79
ATW,G4,116,195.8,200.1,4.5,-4.3,14,12.07,39,33.62
SHR,OO,58,202.6,278.8,-53.6,-76.2,7,12.07,10,17.24
RIC,YX,382,106.4,106.9,5.2,-0.5,46,12.04,93,24.35
SAF,OO,299,134.9,135.5,1.4,-0.5,36,12.04,51,17.06
CVG,OH,183,244.5,243.1,11.9,1.3,22,12.02,40,21.86
BWI,MQ,50,168.6,190.0,-11.0,-21.4,6,12.0,8,16.0
HSV,OH,175,261.0,277.0,-1.9,-16.0,21,12.0,55,31.43
LAR,OO,50,60.7,57.9,5.1,2.8,6,12.0,7,14.0
LBF,OO,50,245.8,271.1,-10.1,-25.3,6,12.0,19,38.0
SJC,AA,125,241.6,239.4,4.9,2.3,15,12.0,21,16.8
SLC,F9,301,96.6,65.5,28.5,31.2,36,11.96,50,16.61
FCA,UA,67,245.7,251.7,7.0,-6.1,8,11.94,12,17.91
DTW,UA,126,339.5,346.9,5.9,-7.4,15,11.9,26,20.63
SEA,F9,84,78.1,82.6,-1.8,-4.5,10,11.9,14,16.67
PIT,AA,286,258.3,267.3,5.8,-9.0,34,11.89,56,19.58
CYS,OO,59,264.9,285.9,-15.2,-21.0,7,11.86,7,11.86
EYW,G4,76,50.0,51.5,2.3,-1.5,9,11.84,10,13.16
PHX,AS,397,210.4,214.3,1.6,-3.9,47,11.84,75,18.89
SFO,WN,634,140.4,154.2,-11.1,-13.8,75,11.83,279,44.01
BTV,OH,110,203.2,229.3,-20.9,-26.1,13,11.82,19,17.27
ATW,MQ,136,312.9,314.2,7.3,-1.3,16,11.76,18,13.24
CMH,MQ,153,375.8,378.8,8.4,-3.1,18,11.76,48,31.37
ICT,MQ,170,171.0,166.5,9.2,4.5,20,11.76,24,14.12
MKE,DL,204,245.2,227.8,23.9,17.4,24,11.76,34,16.67
MSN,UA,136,432.0,426.2,14.7,5.8,16,11.76,23,16.91
MTJ,OO,51,53.1,54.0,10.9,-0.8,6,11.76,8,15.69
OKC,AA,145,227.9,234.9,-0.2,-7.0,17,11.72,18,12.41
RDU,AA,478,223.7,227.2,7.4,-3.6,56,11.72,80,16.74
JFK,YX,1033,72.8,76.4,2.4,-3.6,121,11.71,252,24.39
LBB,OO,111,416.7,443.8,-11.5,-27.2,13,11.71,18,16.22
ABQ,UA,137,305.4,311.2,3.3,-5.8,16,11.68,26,18.98
BHM,OH,214,148.9,160.5,-1.8,-11.6,25,11.68,47,21.96
MCO,AS,215,112.4,118.6,5.6,-6.2,25,11.63,68,31.63
GUC,OO,112,189.6,193.9,1.9,-4.3,13,11.61,24,21.43
PHL,OH,1137,75.5,79.8,1.4,-4.3,132,11.61,478,42.04
BDL,YX,95,184.4,187.5,1.1,-3.1,11,11.58,21,22.11
OKC,YX,95,168.5,173.5,2.7,-5.0,11,11.58,33,34.74
MCO,WN,3559,144.2,149.7,3.1,-5.5,411,11.55,1154,32.42
DAY,OH,286,237.3,245.3,5.2,-8.0,33,11.54,56,19.58
MSY,YX,78,87.2,104.4,-13.7,-17.2,9,11.54,38,48.72
TUS,OO,598,210.2,214.9,1.9,-4.7,69,11.54,53,8.86
TYS,OO,78,255.8,256.9,0.6,-1.2,9,11.54,24,30.77
DCA,AA,1908,178.2,177.7,4.2,0.5,220,11.53,498,26.1
HPN,MQ,113,235.0,250.8,-4.5,-15.8,13,11.5,29,25.66
ORD,YX,2540,100.8,100.8,6.5,-0.0,292,11.5,952,37.48
PHX,F9,479,186.5,170.4,16.5,16.1,55,11.48,130,27.14
ORD,AA,2311,164.8,163.9,10.1,0.9,265,11.47,878,37.99
DTW,YX,385,135.7,141.0,1.7,-5.3,44,11.43,134,34.81
FSD,MQ,105,219.7,222.9,2.1,-3.2,12,11.43,13,12.38
HSV,OO,105,353.2,341.5,20.4,11.8,12,11.43,28,26.67
ISP,WN,175,227.1,232.5,3.4,-5.4,20,11.43,43,24.57
CVG,G4,114,143.6,135.5,2.7,8.1,13,11.4,26,22.81
JAC,UA,202,183.0,191.7,5.0,-8.7,23,11.39,43,21.29
LGA,UA,492,193.8,197.0,2.1,-3.2,56,11.38,115,23.37
GPT,MQ,53,30.7,36.3,0.6,-5.6,6,11.32,6,11.32
MKE,OH,53,204.3,232.0,-23.0,-27.7,6,11.32,17,32.08
SRQ,WN,318,208.8,202.0,10.5,6.8,36,11.32,44,13.84
CVG,AA,177,273.6,277.1,6.0,-3.6,20,11.3,25,14.12
OMA,DL,115,204.7,200.5,8.3,4.3,13,11.3,8,6.96
ALB,B6,62,414.6,399.2,20.7,15.5,7,11.29,17,27.42
FAR,G4,71,50.0,59.9,-4.0,-9.9,8,11.27,16,22.54
LSE,MQ,71,202.6,193.0,13.3,9.6,8,11.27,6,8.45
MEM,DL,276,243.8,248.4,1.2,-4.5,31,11.23,39,14.13
DFW,AA,8753,144.5,150.3,6.0,-5.8,982,11.22,3631,41.48
ORF,UA,98,379.0,379.1,7.2,-0.1,11,11.22,19,19.39
DEN,AS,161,158.9,155.5,1.1,3.4,18,11.18,35,21.74
VPS,DL,161,166.0,115.9,49.8,50.1,18,11.18,11,6.83
PNS,AA,90,181.6,176.9,11.5,4.7,10,11.11,9,10.0
PVD,AA,144,195.8,202.9,2.3,-7.1,16,11.11,24,16.67
ANC,AS,811,200.6,207.0,5.2,-6.4,90,11.1,269,33.17
JAX,DL,379,182.3,185.6,-0.8,-3.4,42,11.08,42,11.08
OMA,OO,361,241.7,232.9,15.5,8.8,40,11.08,81,22.44
PSP,WN,172,163.4,163.3,4.2,0.1,19,11.05,20,11.63
XNA,OO,218,143.9,147.3,1.8,-3.4,24,11.01,41,18.81
CRP,MQ,82,89.8,96.4,-1.9,-6.7,9,10.98,10,12.2
PNS,WN,82,64.3,69.5,-2.5,-5.2,9,10.98,15,18.29
BNA,YX,503,163.4,168.3,0.1,-4.9,55,10.93,138,27.44
PHL,DL,412,203.5,214.4,-0.3,-10.9,45,10.92,64,15.53
LGA,AA,1017,218.8,220.0,7.3,-1.2,111,10.91,188,18.49
BWI,DL,321,209.9,212.6,3.4,-2.7,35,10.9,44,13.71
ROC,YX,156,253.1,271.1,-4.9,-18.0,17,10.9,43,27.56
BNA,OO,193,292.6,312.2,-8.8,-19.7,21,10.88,39,20.21
DCA,AS,138,281.1,287.3,3.3,-6.2,15,10.87,63,45.65
GSO,YX,138,172.4,180.5,-0.2,-8.1,15,10.87,40,28.99
IND,WN,857,168.3,170.5,3.8,-2.3,93,10.85,216,25.2
MCI,AA,332,218.5,230.2,-2.3,-11.8,36,10.84,47,14.16
DCA,WN,1211,145.1,150.1,1.6,-5.0,131,10.82,339,27.99
BHM,OO,111,250.5,249.2,5.9,1.3,12,10.81,29,26.13
DTW,DL,3719,146.1,152.2,1.0,-6.1,401,10.78,1403,37.73
HRL,WN,167,218.5,222.7,-1.5,-4.2,18,10.78,31,18.56
MDT,OO,65,213.4,222.9,-1.5,-9.4,7,10.77,16,24.62
MEM,YX,130,247.3,240.3,14.7,7.0,14,10.77,47,36.15
LAS,DL,1233,156.2,136.7,11.4,19.5,132,10.71,306,24.82
RKS,OO,56,231.6,279.1,-28.7,-47.5,6,10.71,17,30.36
ATL,UA,477,223.2,227.3,0.5,-4.1,51,10.69,126,26.42
ORF,AA,197,194.4,202.9,-0.6,-8.5,21,10.66,24,12.18
LAS,WN,6116,96.8,84.8,16.9,12.0,647,10.58,2223,36.35
STL,OH,104,252.2,293.6,-29.1,-41.4,11,10.58,28,26.92
DFW,OO,1317,101.6,91.0,10.0,10.6,139,10.55,447,33.94
SAT,DL,484,215.7,219.5,3.4,-3.9,51,10.54,84,17.36
SMF,OO,626,149.0,156.7,-0.8,-7.7,66,10.54,79,12.62
CVG,WN,152,223.8,219.9,7.8,3.9,16,10.53,33,21.71
DAB,OH,76,194.6,188.0,3.4,6.6,8,10.53,5,6.58
TYR,OO,57,222.9,220.4,3.1,2.5,6,10.53,2,3.51
LAX,AA,1663,178.9,148.5,13.7,30.4,175,10.52,516,31.03
BOS,AA,923,243.4,254.9,-4.8,-11.6,97,10.51,268,29.04
SYR,AA,105,176.5,181.1,7.5,-4.5,11,10.48,14,13.33
RDU,OH,67,201.1,219.3,-12.7,-18.2,7,10.45,9,13.43
BOS,AS,115,149.0,130.1,23.6,18.8,12,10.43,27,23.48
SFO,OO,2339,104.2,105.6,0.2,-1.4,244,10.43,991,42.37
SBP,OO,269,251.9,261.4,-2.8,-9.5,28,10.41,57,21.19
BDL,DL,279,213.4,221.2,-1.5,-7.8,29,10.39,60,21.51
SDF,AA,183,245.3,241.1,6.5,4.2,19,10.38,39,21.31
IAH,AA,511,231.8,236.4,2.9,-4.6,53,10.37,138,27.01
IND,AA,309,200.8,212.4,-4.4,-11.6,32,10.36,84,27.18
BOS,DL,1469,200.5,209.7,-1.4,-9.3,152,10.35,535,36.42
BIH,OO,58,48.8,53.3,2.4,-4.5,6,10.34,8,13.79
EUG,AA,58,290.2,289.4,5.4,0.9,6,10.34,14,24.14
FSM,MQ,58,215.8,240.9,-20.8,-25.1,6,10.34,6,10.34
HDN,WN,58,43.2,48.7,-4.2,-5.5,6,10.34,7,12.07
MLB,DL,116,149.2,152.9,0.5,-3.7,12,10.34,8,6.9
ONT,AA,232,157.6,149.7,11.6,7.9,24,10.34,27,11.64
VPS,MQ,58,224.2,264.3,-25.2,-40.0,6,10.34,16,27.59
LFT,OH,126,222.2,231.0,6.7,-8.9,13,10.32,18,14.29
TUL,DL,97,154.8,152.0,4.7,2.8,10,10.31,5,5.15
LAS,G4,398,160.9,168.7,-4.3,-7.7,41,10.3,128,32.16
GRR,DL,136,338.7,347.2,5.8,-8.5,14,10.29,34,25.0
MIA,UA,613,194.4,201.6,-0.0,-7.2,63,10.28,203,33.12
CMH,NK,78,274.4,300.8,-8.0,-26.4,8,10.26,33,42.31
ICT,DL,78,184.1,190.1,-3.7,-6.1,8,10.26,10,12.82
GNV,DL,98,158.4,160.5,3.5,-2.1,10,10.2,6,6.12
DRO,UA,59,337.9,331.3,10.6,6.6,6,10.17,3,5.08
HHH,MQ,59,30.5,43.6,2.2,-13.1,6,10.17,5,8.47
MLB,OH,59,178.5,111.3,49.4,67.2,6,10.17,4,6.78
SGF,OO,59,41.3,51.0,-7.6,-9.7,6,10.17,16,27.12
LIT,OO,148,156.8,166.1,-5.1,-9.3,15,10.14,41,27.7
MCI,OH,79,216.3,219.2,-1.4,-2.9,8,10.13,24,30.38
PIT,WN,642,181.2,167.1,22.3,14.1,65,10.12,140,21.81
SFO,B6,336,226.1,145.9,46.5,80.2,34,10.12,120,35.71
LGA,YX,3750,93.9,98.0,-1.3,-4.1,379,10.11,1088,29.01
TUL,MQ,89,188.3,146.1,50.1,42.1,9,10.11,13,14.61
CLE,DL,208,266.6,274.7,7.2,-8.1,21,10.1,44,21.15
DFW,UA,635,206.2,201.1,6.2,5.0,64,10.08,118,18.58
BOS,YX,2174,122.2,127.9,-2.2,-5.7,219,10.07,698,32.11
CMH,UA,159,305.7,308.3,8.4,-2.5,16,10.06,31,19.5
OMA,WN,567,166.5,168.9,1.9,-2.3,57,10.05,86,15.17
ICT,OO,229,155.4,163.8,-3.3,-8.4,23,10.04,78,34.06
STS,OO,229,128.6,144.4,-11.8,-15.8,23,10.04,69,30.13
BMI,MQ,90,220.6,223.1,4.1,-2.5,9,10.0,8,8.89
DRO,OO,250,138.3,144.7,-5.7,-6.5,25,10.0,46,18.4
SAV,MQ,100,103.0,108.1,-3.5,-5.2,10,10.0,14,14.0
AZA,G4,381,201.5,199.2,2.8,2.3,38,9.97,120,31.5
BOI,DL,171,193.5,192.7,-2.3,0.7,17,9.94,23,13.45
IND,DL,302,243.5,165.0,78.9,78.5,30,9.93,45,14.9
TUS,UA,111,199.2,200.5,0.9,-1.3,11,9.91,15,13.51
STX,AA,81,263.3,264.8,6.2,-1.4,8,9.88,11,13.58
LAW,OH,71,168.7,169.1,7.8,-0.4,7,9.86,6,8.45
LAX,WN,1606,137.0,138.8,0.2,-1.8,158,9.84,558,34.74
MSY,DL,539,135.5,145.7,-9.6,-10.3,53,9.83,98,18.18
DAB,DL,112,154.6,142.1,14.4,12.4,11,9.82,10,8.93
HNL,AA,214,259.3,235.3,7.9,24.0,21,9.81,82,38.32
TTN,F9,51,211.4,214.1,-1.5,-2.7,5,9.8,14,27.45
MIA,AA,3779,253.3,252.9,3.4,0.4,370,9.79,1588,42.02
KOA,AA,92,298.5,283.1,13.9,15.4,9,9.78,24,26.09
IAD,OH,82,53.8,-8.0,63.9,61.8,8,9.76,16,19.51
EWR,DL,452,190.6,195.5,-2.3,-4.9,44,9.73,88,19.47
MKE,WN,638,201.9,196.9,9.3,5.0,62,9.72,106,16.61
BNA,UA,330,191.5,201.8,1.5,-10.2,32,9.7,93,28.18
DEN,F9,1249,147.6,132.8,-4.2,14.8,121,9.69,388,31.06
BUF,DL,124,213.7,236.3,-14.4,-22.5,12,9.68,33,26.61
BZN,UA,259,128.5,132.9,1.0,-4.4,25,9.65,37,14.29
BUF,WN,363,195.9,207.1,-4.7,-11.2,35,9.64,69,19.01
OAK,AS,83,464.9,472.4,-5.4,-7.6,8,9.64,11,13.25
PVU,G4,52,308.7,357.9,-25.6,-49.2,5,9.62,14,26.92
SAV,YX,52,176.5,180.4,1.6,-3.9,5,9.62,9,17.31
CMH,AA,261,248.0,260.5,-2.5,-12.5,25,9.58,80,30.65
MTJ,UA,94,238.3,241.0,4.4,-2.7,9,9.57,17,18.09
ACV,OO,147,144.1,147.5,2.7,-3.4,14,9.52,37,25.17
AUS,OO,599,126.1,129.6,0.2,-3.6,57,9.52,189,31.55
IAH,DL,546,192.4,197.1,-0.3,-4.7,52,9.52,145,26.56
PSP,AS,210,140.3,136.7,2.0,3.7,20,9.52,35,16.67
ONT,WN,770,144.4,149.5,-0.7,-5.1,73,9.48,177,22.99
BUR,AA,53,315.1,312.1,11.3,3.1,5,9.43,10,18.87
GGG,MQ,53,237.1,303.8,-60.8,-66.8,5,9.43,6,11.32
MTJ,AA,53,45.8,46.2,2.8,-0.4,5,9.43,5,9.43
OMA,AA,212,182.3,197.2,-7.6,-14.9,20,9.43,29,13.68
RHI,OO,53,281.5,327.9,-29.6,-46.4,5,9.43,21,39.62
BIL,MQ,64,275.3,272.4,12.3,2.9,6,9.38,6,9.38
DAL,WN,4544,100.9,109.4,-2.2,-8.5,426,9.38,1382,30.41
PDX,OO,629,94.3,85.6,14.7,8.8,59,9.38,128,20.35
SRQ,MQ,64,186.6,236.5,-42.3,-49.9,6,9.38,20,31.25
JFK,DL,1548,207.1,213.6,0.3,-6.5,145,9.37,604,39.02
OKC,OO,427,318.9,315.9,10.8,3.0,40,9.37,88,20.61
BWI,AA,246,223.9,232.3,-3.5,-8.4,23,9.35,53,21.54
SBA,UA,139,213.0,206.2,-1.6,6.9,13,9.35,18,12.95
DEN,WN,5847,89.9,94.7,-0.6,-4.8,546,9.34,1900,32.5
ALB,DL,75,179.3,197.2,-15.9,-17.9,7,9.33,13,17.33
DCA,F9,75,236.9,218.7,6.6,18.1,7,9.33,24,32.0
SRQ,UA,118,143.7,152.8,-1.3,-9.1,11,9.32,35,29.66
PHL,WN,290,200.1,204.5,2.9,-4.4,27,9.31,93,32.07
RNO,OO,280,137.6,142.2,-4.0,-4.6,26,9.29,55,19.64
ONT,AS,151,283.4,270.2,16.8,13.2,14,9.27,30,19.87
CLT,DL,367,191.8,195.1,-0.0,-3.3,34,9.26,57,15.53
HDN,OO,54,54.6,53.2,2.6,1.4,5,9.26,4,7.41
HPN,DL,54,257.7,272.0,0.0,-14.3,5,9.26,21,38.89
SEA,AS,4581,160.2,157.8,0.9,2.4,424,9.26,1707,37.26
CAE,YX,65,196.3,209.1,-6.4,-12.8,6,9.23,22,33.85
ONT,F9,130,134.9,133.6,-13.8,1.3,12,9.23,31,23.85
RDM,OO,217,192.6,212.8,-13.0,-20.2,20,9.22,48,22.12
JFK,AA,771,212.5,218.8,4.9,-6.3,71,9.21,220,28.53
HOU,DL,87,165.5,183.4,-13.7,-17.9,8,9.2,6,6.9
SYR,DL,98,234.4,251.8,-10.1,-17.4,9,9.18,22,22.45
CMH,DL,230,251.1,172.7,84.4,78.4,21,9.13,32,13.91
ABE,OH,55,252.7,267.9,-5.3,-15.2,5,9.09,7,12.73
AMA,WN,99,172.3,163.7,11.4,8.5,9,9.09,13,13.13
CHS,UA,187,166.1,165.4,0.0,0.7,17,9.09,24,12.83
LRD,MQ,88,51.3,57.0,-6.8,-5.7,8,9.09,12,13.64
PIT,UA,264,240.2,245.3,7.4,-5.0,24,9.09,54,20.45
PVD,DL,66,174.2,178.1,2.3,-3.8,6,9.09,9,13.64
CLT,OH,2334,104.8,105.3,-0.5,-0.5,211,9.04,1054,45.16
OMA,UA,188,214.5,213.7,-0.1,0.8,17,9.04,25,13.3
OGG,DL,122,149.7,151.0,-5.7,-1.3,11,9.02,53,43.44
CHA,OH,111,287.4,320.9,-18.0,-33.5,10,9.01,33,29.73
SAN,OO,966,124.4,125.1,3.1,-0.7,87,9.01,149,15.42
PHX,OO,2024,95.2,93.0,4.1,2.2,182,8.99,558,27.57
SYR,B6,89,291.8,337.8,-37.7,-46.0,8,8.99,22,24.72
GRR,WN,145,253.4,247.6,11.6,5.9,13,8.97,24,16.55
SUX,OO,78,186.8,185.9,4.3,0.8,7,8.97,25,32.05
ABI,MQ,101,269.2,272.4,0.5,-3.2,9,8.91,9,8.91
GEG,AS,258,255.2,258.5,-0.9,-3.3,23,8.91,39,15.12
MSY,WN,1336,170.7,174.8,1.1,-4.1,119,8.91,334,25.0
IAD,DL,191,275.7,284.0,0.6,-8.3,17,8.9,35,18.32
MSP,DL,3406,175.8,182.2,-0.1,-6.3,303,8.9,1266,37.17
ORF,DL,191,235.4,215.8,25.5,19.6,17,8.9,19,9.95
SNA,OO,472,77.5,83.0,-3.1,-5.4,42,8.9,64,13.56
BLI,OO,90,317.8,34.7,287.2,283.1,8,8.89,13,14.44
LAX,DL,2241,174.5,162.5,-7.5,11.9,199,8.88,819,36.55
PHX,AA,3712,143.7,141.9,3.9,1.9,329,8.86,1111,29.93
CAE,DL,113,249.2,262.3,-9.8,-13.0,10,8.85,10,8.85
IAH,YX,113,142.3,170.5,-15.7,-28.1,10,8.85,50,44.25
CVG,YX,238,140.3,147.2,-3.0,-6.9,21,8.82,65,27.31
TPA,WN,1621,164.6,165.4,5.0,-0.8,143,8.82,425,26.22
AUS,WN,2532,113.5,120.6,-1.2,-7.0,223,8.81,609,24.05
FLL,UA,739,179.5,186.1,-1.0,-6.5,65,8.8,229,30.99
PIA,MQ,91,225.2,229.0,0.5,-3.8,8,8.79,28,30.77
BUF,YX,194,219.6,245.4,-15.6,-25.8,17,8.76,59,30.41
BWI,YX,80,61.9,67.2,-3.0,-5.3,7,8.75,16,20.0
MCI,UA,172,246.8,245.5,5.9,1.3,15,8.72,24,13.95
DTW,WN,311,244.2,251.9,-0.4,-7.7,27,8.68,54,17.36
SAV,UA,81,222.1,221.5,6.4,0.6,7,8.64,27,33.33
SBA,AA,58,204.7,207.4,-2.6,-2.7,5,8.62,10,17.24
TYS,DL,116,119.7,127.5,-10.7,-7.8,10,8.62,4,3.45
MCO,UA,1049,159.3,165.5,0.9,-6.3,90,8.58,406,38.7
DSM,DL,70,182.4,189.7,1.9,-7.3,6,8.57,13,18.57
RNO,AA,210,164.6,161.8,3.9,2.8,18,8.57,23,10.95
SJC,OO,467,122.8,124.7,-1.6,-1.9,40,8.57,56,11.99
RNO,DL,82,186.9,165.6,-2.9,21.3,7,8.54,25,30.49
STL,YX,258,127.5,136.5,-6.5,-9.1,22,8.53,89,34.5
SBP,MQ,106,114.9,120.3,-6.9,-5.3,9,8.49,11,10.38
SYR,YX,106,212.4,229.8,-8.1,-17.4,9,8.49,29,27.36
LCH,MQ,59,206.9,226.1,-9.6,-19.2,5,8.47,7,11.86
PHX,WN,4615,109.2,110.3,-3.0,-1.1,391,8.47,1574,34.11
ECP,DL,142,236.3,-313.3,550.4,549.6,12,8.45,3,2.11
IAD,AA,71,329.0,333.1,-1.6,-4.1,6,8.45,11,15.49
PIA,OH,71,287.4,326.5,-34.1,-39.1,6,8.45,15,21.13
LAS,OO,225,140.3,143.2,0.3,-2.9,19,8.44,37,16.44
BZN,OO,190,121.3,124.3,-3.7,-3.0,16,8.42,21,11.05
SGU,OO,368,169.6,176.7,1.3,-7.0,31,8.42,73,19.84
SAT,WN,904,183.4,187.6,1.8,-4.2,76,8.41,167,18.47
AUS,DL,775,229.1,224.5,11.8,4.6,65,8.39,305,39.35
DCA,UA,477,203.7,211.2,-1.2,-7.4,40,8.39,124,26.0
PSP,OO,346,217.6,233.5,-3.8,-15.8,29,8.38,67,19.36
EWR,AA,430,221.3,224.2,0.7,-2.8,36,8.37,92,21.4
IND,YX,812,236.0,236.1,1.9,-0.0,68,8.37,203,25.0
SGF,MQ,239,276.9,277.3,2.4,-0.4,20,8.37,43,17.99
SNA,WN,933,130.5,138.5,-3.8,-8.0,78,8.36,180,19.29
JAX,UA,264,276.6,283.9,2.4,-7.3,22,8.33,81,30.68
CLT,MQ,411,94.4,103.3,-0.8,-9.0,34,8.27,153,37.23
STL,WN,2635,100.8,104.4,-2.7,-3.6,218,8.27,926,35.14
BZN,WN,109,175.1,165.6,14.3,9.5,9,8.26,14,12.84
SAV,OH,194,267.1,276.3,-7.5,-9.1,16,8.25,44,22.68
DAY,DL,85,161.8,172.0,-1.0,-10.2,7,8.24,7,8.24
SLC,UA,437,219.9,218.6,-2.5,1.3,36,8.24,91,20.82
PHL,UA,231,250.4,266.4,-3.7,-16.0,19,8.23,77,33.33
BRO,MQ,73,184.5,192.8,-0.0,-8.3,6,8.22,11,15.07
BOI,UA,61,278.6,285.0,4.0,-6.5,5,8.2,9,14.75
GEG,OO,452,169.6,160.0,13.4,9.5,37,8.19,69,15.27
BOS,UA,722,221.9,232.0,-4.5,-10.1,59,8.17,239,33.1
SEA,DL,2010,160.2,156.5,6.2,3.7,164,8.16,698,34.73
GSP,AA,86,317.6,358.6,-28.8,-41.0,7,8.14,28,32.56
RDU,DL,774,204.8,204.5,4.7,0.3,63,8.14,175,22.61
LGA,WN,910,143.2,149.5,-0.7,-6.3,74,8.13,245,26.92
TLH,MQ,123,230.4,243.5,-9.3,-13.1,10,8.13,11,8.94
GJT,OO,197,196.1,209.6,-8.5,-13.5,16,8.12,41,20.81
CRW,OH,74,279.3,289.9,4.5,-10.5,6,8.11,14,18.92
JAN,OH,74,265.7,293.8,-6.9,-28.1,6,8.11,22,29.73
MCI,WN,1480,140.9,147.2,-1.2,-6.3,120,8.11,325,21.96
PIT,B6,74,325.0,348.3,-28.1,-23.3,6,8.11,13,17.57
SMF,WN,2058,137.9,146.6,-3.5,-8.7,167,8.11,579,28.13
ABQ,WN,803,173.0,174.9,2.3,-1.9,65,8.09,159,19.8
PHL,YX,558,94.2,98.0,-0.3,-3.8,45,8.06,183,32.8
HRL,MQ,87,161.5,171.2,-5.1,-9.7,7,8.05,11,12.64
LGA,DL,1929,215.4,225.0,-3.9,-9.6,155,8.04,726,37.64
GEG,DL,162,240.3,268.7,-22.0,-28.4,13,8.02,30,18.52
GRB,DL,50,248.2,244.6,5.8,3.6,4,8.0,3,6.0
GSP,WN,75,103.8,108.2,-5.9,-4.4,6,8.0,6,8.0
MDT,AA,100,225.1,238.4,-6.5,-13.3,8,8.0,21,21.0
MRY,AA,50,311.5,343.4,-18.3,-31.9,4,8.0,9,18.0
SAN,UA,700,195.8,192.1,2.0,3.7,56,8.0,149,21.29
XNA,YX,63,324.8,333.7,2.4,-8.9,5,7.94,23,36.51
YUM,OO,63,287.2,319.2,-21.4,-32.0,5,7.94,9,14.29
CMH,WN,808,200.3,199.9,5.7,0.4,64,7.92,176,21.78
SDF,YX,354,328.5,330.9,-0.3,-2.4,28,7.91,114,32.2
RSW,UA,494,175.5,179.7,-3.3,-4.2,39,7.89,117,23.68
VPS,OH,76,92.0,100.9,-5.5,-8.9,6,7.89,17,22.37
RDM,UA,89,180.9,193.1,-4.7,-12.1,7,7.87,31,34.83
BFF,OO,51,60.0,39.6,5.2,20.4,4,7.84,4,7.84
FWA,OH,51,255.8,272.4,-6.1,-16.6,4,7.84,17,33.33
JAN,DL,153,148.9,154.9,-6.7,-6.0,12,7.84,6,3.92
EUG,OO,281,217.1,226.1,-4.7,-9.0,22,7.83,56,19.93
CLT,WN,192,149.7,160.9,-5.7,-11.2,15,7.81,68,35.42
LEX,OH,77,188.1,194.7,-2.9,-6.6,6,7.79,10,12.99
PHX,UA,659,209.6,216.0,-3.1,-6.3,51,7.74,154,23.37
SFO,UA,3450,164.0,133.6,1.0,30.4,267,7.74,1348,39.07
RDU,WN,556,187.1,187.4,2.4,-0.3,43,7.73,106,19.06
BNA,WN,3947,89.0,82.3,11.2,6.7,304,7.7,1162,29.44
CHS,MQ,91,199.8,198.8,6.0,0.9,7,7.69,10,10.99
ELP,WN,598,182.0,182.0,2.8,0.0,46,7.69,71,11.87
LIT,MQ,221,283.4,291.2,-0.1,-7.8,17,7.69,56,25.34
SAT,OO,91,166.5,170.2,-0.1,-3.7,7,7.69,13,14.29
LAS,NK,457,120.5,114.1,-3.8,6.3,35,7.66,123,26.91
SLC,WN,849,168.6,171.4,2.0,-2.7,65,7.66,219,25.8
BUR,AS,157,222.3,231.4,-1.2,-9.0,12,7.64,22,14.01
LAS,UA,1154,191.7,189.4,-1.0,2.4,88,7.63,283,24.52
STL,DL,328,253.0,255.4,-0.9,-2.4,25,7.62,40,12.2
FAT,OO,474,245.1,252.4,-1.1,-7.3,36,7.59,94,19.83
LGB,WN,911,134.9,138.8,-2.5,-4.0,69,7.57,101,11.09
AUS,UA,715,218.1,222.5,1.5,-4.5,54,7.55,149,20.84
AVL,DL,106,141.2,143.4,-2.0,-2.2,8,7.55,8,7.55
GSO,MQ,146,294.3,318.7,-19.2,-24.4,11,7.53,43,29.45
SMF,AS,173,353.6,350.5,9.4,3.0,13,7.51,37,21.39
SNA,AS,333,153.7,159.4,-5.4,-5.7,25,7.51,45,13.51
MFE,OO,80,133.5,150.8,-19.2,-17.2,6,7.5,12,15.0
BOS,WN,374,195.1,202.9,-1.6,-7.7,28,7.49,127,33.96
CID,UA,67,410.3,409.6,7.3,0.6,5,7.46,17,25.37
MKE,YX,134,189.1,197.7,-9.3,-8.7,10,7.46,43,32.09
PVD,WN,322,215.1,219.5,-0.4,-4.4,24,7.45,85,26.4
MDW,WN,3968,113.4,99.2,18.6,14.2,295,7.43,1041,26.23
PHL,AA,1952,177.7,183.3,0.0,-5.7,145,7.43,707,36.22
BIS,MQ,54,246.8,249.9,-1.4,-3.1,4,7.41,10,18.52
DIK,OO,54,330.5,367.4,-12.1,-36.9,4,7.41,14,25.93
LEX,YX,54,307.0,317.2,-0.0,-10.2,4,7.41,18,33.33
BHM,WN,338,208.3,207.1,4.4,1.2,25,7.4,56,16.57
CLT,AA,6605,132.0,135.3,0.3,-3.4,488,7.39,2424,36.7
SGF,OH,95,30.3,34.5,-6.5,-4.1,7,7.37,8,8.42
BDL,AA,191,223.3,238.4,-11.4,-15.1,14,7.33,36,18.85
MAF,OO,137,309.5,315.0,0.7,-5.5,10,7.3,24,17.52
SAV,WN,137,185.8,197.5,-11.7,-11.7,10,7.3,21,15.33
BUR,UA,151,169.1,165.5,-0.8,3.6,11,7.28,23,15.23
LAX,UA,1620,159.2,146.9,2.4,12.3,118,7.28,478,29.51
PDX,DL,453,246.9,253.9,-4.5,-7.0,33,7.28,97,21.41
CLE,WN,345,230.2,224.3,9.2,5.9,25,7.25,54,15.65
MCI,YX,69,54.3,64.4,-8.2,-10.1,5,7.25,20,28.99
MEM,WN,235,241.0,232.6,11.1,8.4,17,7.23,46,19.57
CMH,YX,807,236.4,240.9,-2.7,-4.5,58,7.19,228,28.25
LAX,OO,3183,121.4,124.8,-1.9,-3.5,229,7.19,948,29.78
DEN,OO,5352,91.1,92.2,1.3,-1.0,384,7.17,2051,38.32
JAX,YX,112,155.6,152.3,7.8,3.3,8,7.14,30,26.79
JLN,OO,56,291.7,299.2,0.2,-7.6,4,7.14,15,26.79
MYR,DL,112,157.0,162.7,-16.9,-5.7,8,7.14,6,5.36
SNA,UA,448,231.0,234.2,-3.0,-3.2,32,7.14,117,26.12
ATL,DL,14558,136.2,141.5,-4.3,-5.4,1037,7.12,6184,42.48
SEA,OO,1953,106.9,109.5,-1.4,-2.6,139,7.12,553,28.32
JAX,WN,283,217.9,220.9,1.1,-3.0,20,7.07,49,17.31
CLE,UA,411,276.8,275.7,4.5,1.1,29,7.06,89,21.65
GRR,YX,142,222.2,228.5,-0.4,-6.3,10,7.04,53,37.32
SJC,AS,185,364.7,362.2,4.8,2.4,13,7.03,22,11.89
CHS,DL,242,197.4,209.7,-12.9,-12.3,17,7.02,11,4.55
PRC,OO,86,289.7,277.5,3.3,12.2,6,6.98,19,22.09
BNA,DL,518,238.0,139.5,102.5,98.5,36,6.95,75,14.48
PWM,YX,144,207.6,220.0,-5.7,-12.4,10,6.94,63,43.75
COS,WN,289,208.5,207.4,4.7,1.2,20,6.92,42,14.53
AMA,MQ,116,199.2,201.7,-1.4,-2.5,8,6.9,10,8.62
MSO,UA,58,283.7,293.1,4.9,-9.4,4,6.9,8,13.79
SDF,UA,58,341.9,357.8,-1.8,-15.9,4,6.9,16,27.59
TUS,WN,319,175.8,178.5,-0.8,-2.7,22,6.9,51,15.99
IDA,OO,189,214.1,202.3,17.8,11.9,13,6.88,39,20.63
BWI,WN,4604,102.4,112.0,-4.1,-9.6,315,6.84,1780,38.66
TPA,UA,599,187.0,189.7,1.4,-2.7,41,6.84,177,29.55
ILM,YX,103,181.7,186.2,-6.1,-4.5,7,6.8,34,33.01
PWM,OH,59,219.2,242.0,-13.2,-22.8,4,6.78,9,15.25
BTR,OH,133,299.8,300.9,1.7,-1.1,9,6.77,24,18.05
BDL,WN,237,190.7,191.5,4.5,-0.7,16,6.75,63,26.58
EWR,UA,3750,184.4,190.8,-1.9,-6.4,253,6.75,1439,38.37
ELP,OO,119,273.8,261.1,14.8,12.7,8,6.72,9,7.56
DFW,OH,1493,91.5,95.4,-0.6,-3.9,100,6.7,515,34.49
PSC,OO,358,221.6,236.5,-10.8,-14.9,24,6.7,49,13.69
PDX,UA,344,188.1,160.2,-2.1,27.9,23,6.69,56,16.28
CID,AA,90,272.9,291.2,-12.5,-18.3,6,6.67,22,24.44
HDN,UA,150,175.8,182.3,-1.0,-6.6,10,6.67,25,16.67
MSO,OO,75,52.0,54.3,-4.7,-2.3,5,6.67,13,17.33
OKC,MQ,90,73.9,109.5,-34.8,-35.6,6,6.67,11,12.22
RDU,UA,376,225.9,237.3,-4.0,-11.4,25,6.65,88,23.4
TUL,AA,106,365.2,364.8,10.6,0.4,7,6.6,19,17.92
PWM,WN,91,150.2,163.2,-4.7,-13.0,6,6.59,17,18.68
SEA,WN,455,197.5,203.3,-0.5,-5.7,30,6.59,110,24.18
MKE,UA,61,365.7,377.8,-0.6,-12.1,4,6.56,22,36.07
BOI,WN,412,169.8,174.7,-2.7,-5.0,27,6.55,55,13.35
HNL,UA,275,164.8,123.3,-2.4,41.5,18,6.55,127,46.18
PIT,DL,214,187.2,214.2,-24.2,-27.0,14,6.54,35,16.36
MRY,OO,230,213.6,219.3,-5.9,-5.7,15,6.52,46,20.0
SLC,DL,3807,150.5,143.8,-1.2,6.7,246,6.46,1191,31.28
ABQ,MQ,62,226.4,217.4,8.3,9.0,4,6.45,7,11.29
PHX,MQ,868,116.6,121.7,-1.8,-5.1,56,6.45,251,28.92
RNO,AS,124,156.8,159.1,-2.4,-2.4,8,6.45,15,12.1
CLT,YX,280,132.9,138.4,-2.7,-5.5,18,6.43,87,31.07
RDD,OO,140,258.4,275.8,-13.1,-17.4,9,6.43,30,21.43
SBA,OO,205,188.5,206.9,-21.1,-18.4,13,6.34,51,24.88
RNO,WN,537,182.7,184.4,1.4,-1.7,34,6.33,131,24.39
MSP,YX,111,203.4,217.6,-10.8,-14.2,7,6.31,49,44.14
OAK,WN,1932,128.0,137.4,-7.2,-9.4,122,6.31,724,37.47
MSP,WN,350,270.9,271.2,4.5,-0.3,22,6.29,77,22.0
ONT,OO,80,235.4,243.7,-0.3,-8.3,5,6.25,15,18.75
SMF,UA,272,330.7,312.5,1.8,18.2,17,6.25,50,18.38
SMF,DL,225,232.0,233.9,-0.4,-1.9,14,6.22,52,23.11
ATL,WN,1305,138.2,146.3,-3.8,-8.1,81,6.21,375,28.74
PDX,WN,548,200.1,208.7,-4.9,-8.6,34,6.2,124,22.63
ILM,AA,194,242.2,249.2,0.7,-7.0,12,6.19,35,18.04
MSY,UA,422,214.4,217.4,-3.5,-3.0,26,6.16,82,19.43
GPT,OH,65,274.3,264.8,8.1,9.5,4,6.15,3,4.62
LIH,AA,65,344.0,306.3,9.4,37.6,4,6.15,9,13.85
SJC,WN,1628,147.5,159.0,-9.1,-11.5,99,6.08,539,33.11
XNA,MQ,395,270.8,267.8,5.7,3.0,24,6.08,68,17.22
SMF,AA,214,168.0,140.0,0.5,28.1,13,6.07,39,18.22
ELP,MQ,66,264.6,236.0,29.6,28.5,4,6.06,12,18.18
EWR,YX,1388,112.8,121.3,-7.4,-8.5,84,6.05,593,42.72
MCI,DL,480,243.2,239.8,3.1,3.4,29,6.04,71,14.79
MHT,WN,182,226.3,221.7,4.7,4.6,11,6.04,39,21.43
JAN,WN,116,177.8,182.9,-7.3,-5.1,7,6.03,17,14.66
OKC,WN,466,192.9,189.1,3.1,3.8,28,6.01,58,12.45
PDX,AS,1564,204.8,207.1,1.5,-2.3,94,6.01,566,36.19
EUG,UA,100,250.0,268.5,-14.2,-18.5,6,6.0,19,19.0
GJT,MQ,50,278.2,282.7,-1.3,-4.5,3,6.0,6,12.0
ITO,WN,150,141.9,142.5,-0.4,-0.6,9,6.0,8,5.33
MAF,UA,50,300.6,320.5,-3.9,-19.9,3,6.0,14,28.0
PIT,NK,100,212.4,219.9,-0.9,-7.6,6,6.0,38,38.0
BOI,OO,637,283.4,283.0,2.7,0.5,38,5.97,118,18.52
ORF,WN,202,147.2,151.5,-3.6,-4.4,12,5.94,26,12.87
DSM,WN,118,238.8,240.3,1.6,-1.5,7,5.93,17,14.41
LIT,DL,135,175.0,176.4,3.0,-1.4,8,5.93,14,10.37
TUL,OO,305,195.7,134.2,65.4,61.6,18,5.9,54,17.7
BTR,DL,68,230.3,233.9,-0.2,-3.6,4,5.88,6,8.82
CID,YX,51,288.6,284.9,6.6,3.7,3,5.88,9,17.65
IND,UA,170,328.1,308.7,15.7,19.3,10,5.88,42,24.71
LIT,WN,187,187.4,176.7,11.1,10.6,11,5.88,27,14.44
ONT,UA,154,297.4,284.1,-6.8,13.3,9,5.84,26,16.88
MIA,MQ,1157,219.3,214.7,1.5,4.5,67,5.79,294,25.41
SDF,WN,346,222.6,228.8,-4.7,-6.2,20,5.78,54,15.61
ANC,UA,52,340.7,240.4,-0.3,100.3,3,5.77,11,21.15
BDL,UA,139,229.4,244.4,-15.0,-15.0,8,5.76,38,27.34
IAD,WN,87,210.1,217.0,-1.8,-7.0,5,5.75,18,20.69
IAH,OO,835,115.7,119.8,-0.8,-4.1,48,5.75,308,36.89
HOU,WN,3169,118.1,122.0,-1.2,-3.9,182,5.74,1060,33.45
CVG,DL,419,272.9,277.5,-2.3,-4.5,24,5.73,74,17.66
TUL,YX,106,177.3,186.5,-3.1,-9.2,6,5.66,32,30.19
LBB,WN,177,186.4,187.2,-2.8,-0.8,10,5.65,16,9.04
BUR,WN,1105,133.5,137.2,-3.7,-3.7,62,5.61,149,13.48
ATY,OO,54,269.3,297.2,-29.5,-27.9,3,5.56,21,38.89
CHA,DL,72,341.4,347.1,-0.2,-5.7,4,5.56,8,11.11
LIH,UA,90,129.6,117.6,-14.3,12.0,5,5.56,38,42.22
RAP,OO,126,316.2,321.4,-1.3,-5.2,7,5.56,28,22.22
RNO,UA,145,271.8,260.5,-17.1,11.3,8,5.52,30,20.69
SBA,WN,127,150.9,155.6,-5.3,-4.8,7,5.51,31,24.41
GTF,OO,164,186.9,187.1,-2.6,-0.2,9,5.49,16,9.76
RIC,DL,182,233.6,225.2,6.7,8.4,10,5.49,17,9.34
ECP,MQ,55,281.3,282.8,-2.4,-1.6,3,5.45,8,14.55
PNS,MQ,112,115.5,145.0,-30.5,-29.5,6,5.36,21,18.75
RIC,WN,150,230.5,252.2,-18.8,-21.7,8,5.33,32,21.33
ORF,YX,188,151.2,155.4,-1.7,-4.2,10,5.32,40,21.28
BIL,OO,113,48.9,48.2,-1.1,0.7,6,5.31,11,9.73
TLH,DL,113,267.4,271.7,0.9,-4.3,6,5.31,10,8.85
IAD,UA,1984,182.2,185.3,-2.8,-3.1,103,5.19,712,35.89
GSP,YX,116,217.3,226.4,-9.8,-9.2,6,5.17,37,31.9
HNL,WN,892,99.1,107.6,-7.7,-8.5,46,5.16,209,23.43
GSP,DL,195,250.8,258.9,-7.6,-8.1,10,5.13,19,9.74
LBB,MQ,78,175.7,186.4,2.9,-10.8,4,5.13,7,8.97
MEM,UA,78,387.2,390.1,2.3,-2.9,4,5.13,19,24.36
PIT,YX,590,253.8,253.3,-1.7,0.5,30,5.08,154,26.1
BWI,UA,239,233.9,241.7,-4.1,-7.8,12,5.02,77,32.22
IAD,YX,419,114.9,119.9,-5.1,-5.0,21,5.01,151,36.04
AMA,OO,80,235.8,239.7,-1.9,-3.9,4,5.0,15,18.75
BIL,UA,60,313.8,308.9,2.7,5.0,3,5.0,4,6.67
FSD,DL,60,362.8,366.8,4.5,-4.0,3,5.0,12,20.0
GSO,DL,160,220.2,218.9,-0.5,1.3,8,5.0,9,5.63
ICT,WN,120,259.7,244.8,12.4,15.0,6,5.0,9,7.5
LWS,OO,60,310.5,319.5,-6.3,-8.9,3,5.0,18,30.0
PAE,AS,101,314.2,314.2,5.4,-0.0,5,4.95,47,46.53
SJC,DL,182,200.7,208.4,-9.7,-7.7,9,4.95,43,23.63
JAC,OO,162,41.8,47.9,-7.8,-6.1,8,4.94,40,24.69
GEG,UA,61,259.0,251.6,3.3,7.5,3,4.92,1,1.64
MAF,MQ,102,227.9,239.4,-5.0,-11.5,5,4.9,24,23.53
DEN,UA,6915,125.1,130.0,-2.7,-4.8,338,4.89,2375,34.35
SAT,UA,378,253.8,259.3,-2.6,-5.5,18,4.76,68,17.99
SNA,NK,84,236.6,243.9,-10.6,-7.3,4,4.76,19,22.62
MSN,DL,106,258.7,253.7,1.4,5.1,5,4.72,4,3.77
SEA,UA,404,222.0,196.4,-1.2,25.6,19,4.7,111,27.48
GNV,MQ,64,314.0,344.1,-25.4,-30.1,3,4.69,13,20.31
CPR,OO,173,207.4,223.2,-12.7,-15.8,8,4.62,28,16.18
BHM,MQ,109,355.4,367.4,-11.8,-12.0,5,4.59,12,11.01
LIH,WN,197,148.0,150.4,-4.1,-2.3,9,4.57,37,18.78
EUG,WN,111,171.4,180.8,-7.1,-9.5,5,4.5,19,17.12
ABQ,DL,67,275.6,272.8,3.8,2.8,3,4.48,9,13.43
FAT,WN,159,182.6,202.3,-14.9,-19.7,7,4.4,52,32.7
ECP,WN,92,66.1,71.1,-7.6,-5.0,4,4.35,15,16.3
CVG,UA,162,315.9,316.0,2.9,-0.1,7,4.32,38,23.46
KOA,UA,141,124.0,122.9,-12.7,1.0,6,4.26,56,39.72
GEG,WN,244,253.2,256.1,-2.8,-2.8,10,4.1,34,13.93
DFW,MQ,3670,106.8,108.6,-2.4,-1.8,147,4.01,1085,29.56
SPS,MQ,50,242.4,266.2,-13.3,-23.9,2,4.0,18,36.0
MAF,WN,278,194.6,198.4,-4.1,-3.9,11,3.96,30,10.79
EVV,OH,51,276.1,282.8,-3.8,-6.7,2,3.92,12,23.53
MCI,AS,51,83.0,59.5,19.7,23.5,2,3.92,7,13.73
SBN,OH,51,176.2,180.3,-2.9,-4.0,2,3.92,9,17.65
KOA,WN,205,168.1,170.5,-3.1,-2.4,8,3.9,28,13.66
BOI,AS,260,200.9,216.8,-12.0,-15.9,10,3.85,59,22.69
MLI,OH,52,259.6,272.3,-5.3,-12.8,2,3.85,12,23.08
SLC,OO,2268,111.1,115.2,-6.0,-4.1,87,3.84,745,32.85
CLT,UA,158,332.7,348.4,-9.3,-15.7,6,3.8,45,28.48
RNO,NK,53,55.0,59.8,-12.0,-4.8,2,3.77,3,5.66
CLL,MQ,81,162.6,168.2,-2.8,-5.6,3,3.7,9,11.11
RDM,MQ,81,219.8,225.2,-0.8,-5.5,3,3.7,12,14.81
KOA,DL,82,174.1,166.3,1.2,7.8,3,3.66,34,41.46
OGG,WN,357,132.9,137.0,-6.4,-4.1,13,3.64,67,18.77
STL,UA,110,362.6,367.3,0.4,-4.7,4,3.64,25,22.73
TYS,MQ,55,206.8,222.4,-10.8,-15.6,2,3.64,27,49.09
TUL,WN,362,234.0,234.3,-1.4,-0.3,13,3.59,48,13.26
MHK,MQ,84,173.6,175.2,-1.8,-1.6,3,3.57,7,8.33
TWF,OO,56,236.3,255.9,-11.7,-19.6,2,3.57,15,26.79
OGG,UA,169,153.6,143.0,-15.1,10.6,6,3.55,87,51.48
ELP,UA,85,238.6,240.9,0.3,-2.3,3,3.53,10,11.76
RIW,OO,57,220.2,309.0,-76.9,-88.8,2,3.51,10,17.54
BTV,YX,86,256.6,285.4,-23.5,-28.8,3,3.49,35,40.7
MSO,AS,58,217.8,225.1,-7.4,-7.3,2,3.45,16,27.59
GRK,OO,59,278.5,322.5,-45.7,-44.0,2,3.39,9,15.25
ALB,WN,266,178.2,183.8,-3.8,-5.5,9,3.38,64,24.06
AEX,MQ,60,208.9,213.0,-3.1,-4.0,2,3.33,2,3.33
BIL,DL,60,509.9,498.8,3.8,11.2,2,3.33,4,6.67
CHS,WN,183,208.7,211.1,-2.4,-2.4,6,3.28,28,15.3
IAH,UA,4442,166.4,175.0,-7.6,-8.6,143,3.22,1793,40.36
ABQ,OO,342,211.0,211.5,-4.4,-0.5,10,2.92,50,14.62
MSO,DL,72,417.6,374.0,47.1,43.6,2,2.78,11,15.28
CVG,MQ,129,511.7,518.1,-3.4,-6.4,3,2.33,49,37.98
OAK,OO,93,159.0,175.2,-18.6,-16.2,2,2.15,18,19.35
ICT,UA,50,544.8,565.4,-18.4,-20.6,1,2.0,10,20.0
MFE,UA,51,333.8,333.7,-5.8,0.1,1,1.96,5,9.8
MLU,MQ,51,219.9,222.1,-3.8,-2.2,1,1.96,1,1.96
MYR,WN,102,111.0,116.4,-11.0,-5.4,2,1.96,23,22.55
RAP,UA,51,364.9,362.8,2.6,2.1,1,1.96,5,9.8
CDC,OO,52,37.0,46.9,-12.5,-9.9,1,1.92,17,32.69
BZN,AS,53,253.1,280.1,-30.1,-27.0,1,1.89,8,15.09
BTM,OO,58,337.7,342.5,-7.4,-4.9,1,1.72,7,12.07
FAR,DL,59,496.4,555.3,-32.3,-58.9,1,1.69,22,37.29
MFR,MQ,59,282.9,284.5,-1.2,-1.6,1,1.69,11,18.64
HLN,OO,121,257.3,270.8,-14.7,-13.5,2,1.65,23,19.01
GJT,UA,61,337.3,342.7,-4.8,-5.4,1,1.64,12,19.67
CRP,WN,62,267.7,268.9,-6.1,-1.1,1,1.61,9,14.52
YUM,MQ,66,220.6,226.4,-5.9,-5.8,1,1.52,16,24.24
SJC,UA,70,363.3,369.0,-4.8,-5.7,1,1.43,23,32.86
DSM,MQ,73,375.4,376.1,2.4,-0.7,0,0.0,23,31.51
LGB,DL,57,286.7,291.9,-7.5,-5.2,0,0.0,10,17.54
MOB,MQ,57,214.8,226.8,-8.0,-12.0,0,0.0,10,17.54
VPS,WN,73,109.7,118.6,-13.6,-8.9,0,0.0,21,28.77
